{
    "variants": {
        "normal": [
            { "model": "dirt", "weight": 20 },
            { "model": "dirt", "weight": 5, "y": 180 },
            { "model": "unity:dirt_alt", "weight": 5 },
            { "model": "unity:dirt_alt", "weight": 3, "y": 180 },
            { "model": "unity:dirt_alt2", "weight": 2 },
            { "model": "unity:dirt_alt2", "weight": 3, "y": 90 },
            { "model": "unity:dirt_alt2", "weight": 2, "y": 180 },
            { "model": "unity:dirt_alt2", "weight": 3, "y": 270 }
        ]
    }
}
