{
  "variants": {
    "snowy=false": [
      { "model": "grass_normal", "weight": 45 },
      { "model": "grass_normal", "weight": 40, "y": 90 },
      { "model": "grass_normal", "weight": 45, "y": 180 },
      { "model": "grass_normal", "weight": 40, "y": 270 },
      { "model": "unity:grass_flowers", "weight": 5 },
      { "model": "unity:grass_flowers", "weight": 2, "y": 90 },
      { "model": "unity:grass_flowers", "weight": 5, "y": 180 },
      { "model": "unity:grass_flowers", "weight": 3, "y": 270 },
      { "model": "unity:grass_weedy", "weight": 3 },
      { "model": "unity:grass_weedy", "weight": 1, "y": 90 },
      { "model": "unity:grass_weedy", "weight": 2, "y": 180 },
      { "model": "unity:grass_weedy", "weight": 1, "y": 270 },
      { "model": "unity:grass_alt", "weight": 1 },
      { "model": "unity:grass_alt", "weight": 1, "y": 90 },
      { "model": "unity:grass_alt", "weight": 1, "y": 180 },
      { "model": "unity:grass_alt", "weight": 1, "y": 270 }
    ],
    "snowy=true":  { "model": "grass_snowed" }
  }
}