{
    "ambientocclusion": false,
    "textures": {
        "particle": "blocks/iron_bars",
        "cap": "blocks/iron_bars_cap",
        "side": "blocks/iron_bars"
    },
    "elements": [
        {
            "from": [ 7, 2, 15 ],
            "to": [ 9, 6, 16 ],
            "faces": {
                "north": { "uv": [ 7, 10, 9, 14 ], "texture": "#side" },
                "west": { "uv": [ 15, 10, 16, 14 ], "texture": "#side" },
                "east": { "uv": [ 0, 10, 1, 14 ], "texture": "#side" }
            }
        },
        {
            "from": [ 7, 2, 11 ],
            "to": [ 9, 6, 13 ],
            "faces": {
                "north": { "uv": [ 7, 10, 9, 14 ], "texture": "#side" },
                "south": { "uv": [ 7, 10, 9, 14 ], "texture": "#side" },
                "west": { "uv": [ 11, 10, 13, 14 ], "texture": "#side" },
                "east": { "uv": [ 3, 10, 5, 14 ], "texture": "#side" }
            }
        },
        {
            "from": [ 7, 0, 9 ],
            "to": [ 9, 2, 16 ],
            "faces": {
                "down": { "uv": [ 7, 0, 9, 7 ], "texture": "#cap" },
                "up": { "uv": [ 7, 9, 9, 16 ], "texture": "#cap" },
                "west": { "uv": [ 9, 14, 16, 16 ], "texture": "#side" },
                "east": { "uv": [ 0, 14, 7, 16 ], "texture": "#side" }
            }
        },
        {
            "from": [ 7, 12, 9 ],
            "to": [ 9, 14, 16 ],
            "faces": {
                "down": { "uv": [ 7, 0, 9, 7 ], "texture": "#cap" },
                "up": { "uv": [ 7, 9, 9, 16 ], "texture": "#cap" },
                "west": { "uv": [ 9, 2, 16, 4 ], "texture": "#side" },
                "east": { "uv": [ 0, 2, 7, 4 ], "texture": "#side" }
            }
        },
        {
            "from": [ 7, 6, 9 ],
            "to": [ 9, 8, 16 ],
            "faces": {
                "down": { "uv": [ 7, 0, 9, 7 ], "texture": "#cap" },
                "up": { "uv": [ 7, 9, 9, 16 ], "texture": "#cap" },
                "west": { "uv": [ 9, 8, 16, 10 ], "texture": "#side" },
                "east": { "uv": [ 0, 8, 7, 10 ], "texture": "#side" }
            }
        },
        {
            "from": [ 7, 8, 15 ],
            "to": [ 9, 12, 16 ],
            "faces": {
                "north": { "uv": [ 7, 4, 9, 8 ], "texture": "#side" },
                "west": { "uv": [ 15, 4, 16, 8 ], "texture": "#side" },
                "east": { "uv": [ 0, 4, 1, 8 ], "texture": "#side" }
            }
        },
        {
            "from": [ 7, 8, 11 ],
            "to": [ 9, 12, 13 ],
            "faces": {
                "north": { "uv": [ 7, 4, 9, 8 ], "texture": "#side" },
                "south": { "uv": [ 7, 4, 9, 8 ], "texture": "#side" },
                "west": { "uv": [ 11, 4, 13, 8 ], "texture": "#side" },
                "east": { "uv": [ 3, 4, 5, 8 ], "texture": "#side" }
            }
        },
        {
            "from": [ 7, 14, 15 ],
            "to": [ 9, 16, 16 ],
            "faces": {
                "up": { "uv": [ 7, 15, 9, 16 ], "texture": "#cap" },
                "north": { "uv": [ 7, 0, 9, 2 ], "texture": "#side" },
                "west": { "uv": [ 15, 0, 16, 2 ], "texture": "#side" },
                "east": { "uv": [ 0, 0, 1, 2 ], "texture": "#side" }
            }
        },
        {
            "from": [ 7, 14, 11 ],
            "to": [ 9, 16, 13 ],
            "faces": {
                "up": { "uv": [ 7, 11, 9, 13 ], "texture": "#cap" },
                "north": { "uv": [ 7, 0, 9, 2 ], "texture": "#side" },
                "south": { "uv": [ 7, 0, 9, 2 ], "texture": "#side" },
                "west": { "uv": [ 11, 0, 13, 2 ], "texture": "#side" },
                "east": { "uv": [ 3, 0, 5, 2 ], "texture": "#side" }
            }
        }
    ]
}
